[
  {
    "id": "QLyE5Y",
    "title": "Web Utiliies - 1",
    "version": "0.1",
    "word": "https://manoj10101996.wordpress.com/2019/11/25/web-utiliies-1/",
    "blogger":
      "https://manoj10101996.blogspot.com/2019/11/web-developement-technologies-part-1.html"
  },
  {
    "id": "MN5LKx",
    "title": "Web Utiliies - 2",
    "version": "0.1",
    "word": "https://manoj10101996.wordpress.com/2019/11/25/web-utilities-2/",
    "blogger":
      "https://manoj10101996.blogspot.com/2019/11/web-developement-technologies.html"
  },
  {
    "id": "G4gy0X",
    "title": "Web page design - Touch to Bootstrap 4.o",
    "version": "0.1",
    "word":
      "https://manoj10101996.wordpress.com/2019/11/25/web-page-design-touch-to-bootstrap-4-o/",
    "blogger":
      "https://manoj10101996.blogspot.com/2019/11/web-page-design-touch-to-bootstrap-4o.html"
  },
  {
    "id": "YBU5Y9",
    "title": "Angular Booster techniques",
    "version": "0.1",
    "word":
      "https://manoj10101996.wordpress.com/2019/11/25/angular-booster-techniques/",
    "blogger":
      "https://manoj10101996.blogspot.com/2019/11/angular-booster-techniques.html"
  },
  {
    "id": "9r02fo",
    "title": " Production Builds & Lazy Loading Modules- Angular Booster ",
    "version": "0.1",
    "word":
      "https://manoj10101996.wordpress.com/2019/11/25/production-builds-lazy-loading-modules-angular-booster/",
    "blogger":
      "https://manoj10101996.blogspot.com/2019/11/production-builds-lazy-loading-modules.html"
  },

  {
    "id": "86DrZX",
    "title": "Ionic Big Picture",
    "version": "0.1",
    "word": "https://manoj10101996.wordpress.com/2019/11/25/ionic-big-picture/",
    "blogger":
      "https://manoj10101996.blogspot.com/2019/11/ionic-big-picture.html"
  },
  {
    "id": "elAKX6",
    "title": "Sprint Boot Explanation",
    "version": "0.1",
    "word":
      "https://manoj10101996.wordpress.com/2019/11/25/sprint-boot-explanation/",
    "blogger":
      "https://manoj10101996.blogspot.com/2019/11/sprint-boot-explanation.html"
  },
  {
    "id": "yBVafl",
    "title": "Into Spring Boot - Starter",
    "version": "0.1",
    "word":
      "https://manoj10101996.wordpress.com/2019/11/25/into-spring-boot-starter/",
    "blogger":
      "https://manoj10101996.blogspot.com/2019/11/into-spring-boot-starter.html"
  },
  {
    "id": "LJdVtB",
    "title": "Create Spring Boot Application",
    "version": "0.1",
    "word":
      "https://manoj10101996.wordpress.com/2019/11/25/create-spring-boot-application/",
    "blogger": ""
  },

  {
    "id": "55CMER",
    "title": "Css Big Picture ",
    "version": "0.1",
    "word": "https://manoj10101996.wordpress.com/2019/11/25/css-big-picture/",
    "blogger": "https://manoj10101996.blogspot.com/2019/11/css-big-picture.html"
  },
  {
    "id": "Nzc4a6",
    "title": "React kick Start",
    "version": "0.1",
    "word": "https://manoj10101996.wordpress.com/2019/11/25/react-kick-start/",
    "blogger":
      "https://manoj10101996.blogspot.com/2019/11/react-kick-start.html"
  },
  {
    "id": "LMpEdf",
    "title": "React Js",
    "version": "0.1",
    "word": "https://manoj10101996.wordpress.com/2019/11/25/react-js/",
    "blogger":
      "https://manoj10101996.blogspot.com/2019/11/react-js-look-into.html"
  },

  {
    "id": "KliUTa",
    "title": "Angular intro",
    "version": "0.1",
    "word": "https://manoj10101996.wordpress.com/2019/11/25/angular-intro/",
    "blogger": "https://manoj10101996.blogspot.com/2019/11/angular-intro.html"
  },
  {
    "id": "rxncUT",
    "title": "Python Big Picture",
    "version": "0.1",
    "word":
      "https://manoj10101996.wordpress.com/2019/11/25/python-big-picture/",
    "blogger":
      "https://manoj10101996.blogspot.com/2019/11/python-big-picture.html"
  },
  {
    "id": "rUZ6Zs",
    "title": "Sass story",
    "version": "0.1",
    "word": "https://manoj10101996.wordpress.com/2019/11/25/sass-story/",
    "blogger": "https://manoj10101996.blogspot.com/2019/11/sass-story.html"
  },
  {
    "id": "mNFCuw",
    "title": "Into Python Flask ",
    "version": "0.1",
    "word": "https://manoj10101996.wordpress.com/2019/11/25/into-python-flask/",
    "blogger":
      "https://manoj10101996.blogspot.com/2019/11/into-python-flask.html"
  },

  {
    "id": "0XFyG3",
    "title": "Gulp Big Picture",
    "version": "0.1",
    "word": "https://manoj10101996.wordpress.com/2019/11/25/gulp-big-picture/",
    "blogger":
      "https://manoj10101996.blogspot.com/2019/11/gulp-big-picture.html"
  },

  {
    "id": "2cNDe8",
    "title": "Node js Intro",
    "version": "0.1",
    "word": "https://manoj10101996.wordpress.com/2019/11/25/node-js-intro/",
    "blogger": "https://manoj10101996.blogspot.com/2019/11/node-js-intro.html"
  },
  {
    "id": "oxhbvb",
    "title": "Babel JS",
    "version": "0.1",
    "word": "https://manoj10101996.wordpress.com/2019/11/25/babel-js/",
    "blogger": "https://manoj10101996.blogspot.com/2019/11/babel-js.html"
  },
  {
    "id": "KtYy4m",
    "title": "HTML Intro",
    "version": "0.1",
    "word": "https://manoj10101996.wordpress.com/2019/11/25/html-intro/",
    "blogger": "https://manoj10101996.blogspot.com/2019/11/html-intro.html"
  },
  {
    "id": "FZEIN1",
    "title": "Ajax Intro",
    "version": "0.1",
    "word": "https://manoj10101996.wordpress.com/2019/11/25/ajax-intro/",
    "blogger": "https://manoj10101996.blogspot.com/2019/11/ajax-intro.html"
  }
]
